{
  "name": "Ash",
  "trained_on": 1,
  "total_notes_analyzed": 709,
  "unique_notes": 32,
  "timestamp": 1771430128.8265193,
  "transitions": {
    "69": {
      "78": 0.2,
      "73": 0.2571428571428571,
      "80": 0.17142857142857143,
      "83": 0.05714285714285714,
      "81": 0.08571428571428572,
      "75": 0.02857142857142857,
      "56": 0.08571428571428572,
      "69": 0.02857142857142857,
      "76": 0.02857142857142857,
      "71": 0.02857142857142857,
      "54": 0.02857142857142857
    },
    "78": {
      "73": 0.19402985074626866,
      "85": 0.08955223880597014,
      "80": 0.04477611940298507,
      "69": 0.208955223880597,
      "81": 0.05970149253731343,
      "78": 0.014925373134328358,
      "75": 0.04477611940298507,
      "68": 0.04477611940298507,
      "64": 0.029850746268656716,
      "71": 0.07462686567164178,
      "76": 0.029850746268656716,
      "56": 0.13432835820895522,
      "54": 0.014925373134328358,
      "90": 0.014925373134328358
    },
    "73": {
      "80": 0.18181818181818182,
      "83": 0.01818181818181818,
      "69": 0.10909090909090909,
      "68": 0.03636363636363636,
      "73": 0.05454545454545454,
      "78": 0.18181818181818182,
      "81": 0.03636363636363636,
      "76": 0.07272727272727272,
      "64": 0.09090909090909091,
      "56": 0.07272727272727272,
      "54": 0.05454545454545454,
      "52": 0.03636363636363636,
      "66": 0.03636363636363636,
      "63": 0.01818181818181818
    },
    "80": {
      "76": 0.22727272727272727,
      "69": 0.015151515151515152,
      "73": 0.12121212121212122,
      "83": 0.10606060606060606,
      "78": 0.09090909090909091,
      "68": 0.045454545454545456,
      "71": 0.10606060606060606,
      "75": 0.030303030303030304,
      "66": 0.07575757575757576,
      "81": 0.030303030303030304,
      "92": 0.015151515151515152,
      "56": 0.09090909090909091,
      "54": 0.030303030303030304,
      "80": 0.015151515151515152
    },
    "76": {
      "83": 0.07407407407407407,
      "73": 0.08641975308641975,
      "78": 0.09876543209876543,
      "80": 0.12345679012345678,
      "71": 0.2345679012345679,
      "67": 0.024691358024691357,
      "76": 0.012345679012345678,
      "81": 0.037037037037037035,
      "69": 0.037037037037037035,
      "68": 0.07407407407407407,
      "56": 0.12345679012345678,
      "54": 0.024691358024691357,
      "92": 0.012345679012345678,
      "85": 0.012345679012345678,
      "88": 0.012345679012345678,
      "52": 0.012345679012345678
    },
    "83": {
      "78": 0.05,
      "76": 0.325,
      "80": 0.125,
      "75": 0.15,
      "71": 0.075,
      "85": 0.025,
      "69": 0.075,
      "56": 0.125,
      "54": 0.025,
      "73": 0.025
    },
    "85": {
      "83": 0.25,
      "76": 0.375,
      "75": 0.0625,
      "78": 0.125,
      "56": 0.125,
      "71": 0.0625
    },
    "68": {
      "76": 0.3,
      "75": 0.075,
      "64": 0.1,
      "80": 0.025,
      "56": 0.075,
      "78": 0.05,
      "66": 0.05,
      "61": 0.15,
      "68": 0.025,
      "59": 0.05,
      "63": 0.05,
      "71": 0.025,
      "55": 0.025
    },
    "71": {
      "80": 0.22950819672131148,
      "75": 0.08196721311475409,
      "68": 0.04918032786885246,
      "83": 0.04918032786885246,
      "85": 0.04918032786885246,
      "69": 0.01639344262295082,
      "66": 0.04918032786885246,
      "78": 0.11475409836065574,
      "76": 0.04918032786885246,
      "56": 0.06557377049180328,
      "54": 0.01639344262295082,
      "59": 0.04918032786885246,
      "64": 0.06557377049180328,
      "61": 0.04918032786885246,
      "63": 0.03278688524590164,
      "73": 0.03278688524590164
    },
    "75": {
      "85": 0.06060606060606061,
      "83": 0.30303030303030304,
      "76": 0.06060606060606061,
      "80": 0.15151515151515152,
      "78": 0.18181818181818182,
      "64": 0.06060606060606061,
      "54": 0.030303030303030304,
      "69": 0.030303030303030304,
      "68": 0.06060606060606061,
      "87": 0.030303030303030304,
      "71": 0.030303030303030304
    },
    "67": {
      "80": 0.5,
      "56": 0.5
    },
    "66": {
      "76": 0.19047619047619047,
      "78": 0.14285714285714285,
      "66": 0.047619047619047616,
      "90": 0.047619047619047616,
      "73": 0.14285714285714285,
      "57": 0.14285714285714285,
      "64": 0.047619047619047616,
      "45": 0.047619047619047616,
      "71": 0.047619047619047616,
      "63": 0.09523809523809523,
      "44": 0.047619047619047616
    },
    "81": {
      "83": 0.0625,
      "73": 0.25,
      "76": 0.375,
      "78": 0.25,
      "56": 0.0625
    },
    "64": {
      "78": 0.10344827586206896,
      "68": 0.13793103448275862,
      "75": 0.10344827586206896,
      "59": 0.1724137931034483,
      "66": 0.034482758620689655,
      "71": 0.1724137931034483,
      "57": 0.034482758620689655,
      "61": 0.06896551724137931,
      "56": 0.10344827586206896,
      "63": 0.06896551724137931
    },
    "56": {
      "80": 0.09090909090909091,
      "83": 0.10909090909090909,
      "85": 0.05454545454545454,
      "76": 0.16363636363636364,
      "78": 0.03636363636363636,
      "73": 0.01818181818181818,
      "71": 0.10909090909090909,
      "75": 0.14545454545454545,
      "69": 0.05454545454545454,
      "56": 0.01818181818181818,
      "64": 0.03636363636363636,
      "57": 0.01818181818181818,
      "68": 0.07272727272727272,
      "59": 0.01818181818181818,
      "66": 0.01818181818181818,
      "63": 0.03636363636363636
    },
    "54": {
      "78": 0.16666666666666666,
      "73": 0.08333333333333333,
      "80": 0.25,
      "68": 0.08333333333333333,
      "71": 0.25,
      "69": 0.08333333333333333,
      "81": 0.08333333333333333
    },
    "92": {
      "80": 0.5,
      "68": 0.5
    },
    "52": {
      "81": 0.3333333333333333,
      "64": 0.3333333333333333,
      "75": 0.3333333333333333
    },
    "90": {
      "78": 0.6666666666666666,
      "66": 0.3333333333333333
    },
    "87": {
      "80": 1.0
    },
    "57": {
      "76": 0.2,
      "61": 0.6,
      "66": 0.2
    },
    "88": {
      "76": 1.0
    },
    "59": {
      "90": 0.047619047619047616,
      "76": 0.047619047619047616,
      "44": 0.047619047619047616,
      "63": 0.14285714285714285,
      "73": 0.09523809523809523,
      "59": 0.14285714285714285,
      "68": 0.23809523809523808,
      "56": 0.047619047619047616,
      "64": 0.047619047619047616,
      "32": 0.047619047619047616,
      "31": 0.047619047619047616,
      "55": 0.047619047619047616
    },
    "61": {
      "61": 0.1111111111111111,
      "45": 0.05555555555555555,
      "71": 0.1111111111111111,
      "66": 0.1111111111111111,
      "64": 0.3333333333333333,
      "73": 0.1111111111111111,
      "68": 0.1111111111111111,
      "56": 0.05555555555555555
    },
    "45": {
      "33": 1.0
    },
    "33": {
      "68": 1.0
    },
    "63": {
      "61": 0.14285714285714285,
      "59": 0.35714285714285715,
      "71": 0.42857142857142855,
      "66": 0.07142857142857142
    },
    "44": {
      "32": 0.5,
      "56": 0.5
    },
    "32": {
      "68": 0.5,
      "59": 0.5
    },
    "55": {
      "64": 0.5,
      "59": 0.5
    },
    "31": {
      "43": 1.0
    },
    "43": {
      "66": 1.0
    }
  },
  "files_used": [
    "AUD_FV0021.mid"
  ]
}