{
  "name": "Nik",
  "trained_on": 1,
  "total_notes_analyzed": 5779,
  "unique_notes": 34,
  "timestamp": 1771431154.181095,
  "transitions": {
    "51": {
      "53": 0.11851851851851852,
      "58": 0.019753086419753086,
      "50": 0.014814814814814815,
      "51": 0.056790123456790124,
      "52": 0.0024691358024691358,
      "54": 0.009876543209876543,
      "46": 0.04938271604938271,
      "63": 0.02962962962962963,
      "59": 0.0049382716049382715,
      "39": 0.691358024691358,
      "56": 0.0024691358024691358
    },
    "53": {
      "54": 0.5952380952380952,
      "51": 0.23809523809523808,
      "49": 0.07142857142857142,
      "65": 0.08333333333333333,
      "67": 0.011904761904761904
    },
    "54": {
      "56": 0.19879518072289157,
      "53": 0.30120481927710846,
      "50": 0.012048192771084338,
      "55": 0.06626506024096386,
      "51": 0.012048192771084338,
      "58": 0.009036144578313253,
      "52": 0.012048192771084338,
      "66": 0.3373493975903614,
      "68": 0.045180722891566265,
      "64": 0.006024096385542169
    },
    "56": {
      "58": 0.25059665871121717,
      "54": 0.08353221957040573,
      "51": 0.00477326968973747,
      "61": 0.007159904534606206,
      "46": 0.021479713603818614,
      "56": 0.03818615751789976,
      "68": 0.5560859188544153,
      "64": 0.03341288782816229,
      "66": 0.002386634844868735,
      "65": 0.002386634844868735
    },
    "58": {
      "61": 0.20121951219512196,
      "51": 0.04878048780487805,
      "56": 0.5304878048780488,
      "58": 0.054878048780487805,
      "63": 0.018292682926829267,
      "54": 0.14634146341463414
    },
    "61": {
      "63": 0.3888888888888889,
      "58": 0.15555555555555556,
      "61": 0.13333333333333333,
      "59": 0.13333333333333333,
      "51": 0.1111111111111111,
      "68": 0.044444444444444446,
      "66": 0.03333333333333333
    },
    "63": {
      "61": 0.03687943262411347,
      "58": 0.03404255319148936,
      "65": 0.00425531914893617,
      "59": 0.7375886524822695,
      "68": 0.1673758865248227,
      "63": 0.01702127659574468,
      "66": 0.0028368794326241137
    },
    "50": {
      "53": 0.07272727272727272,
      "50": 0.10909090909090909,
      "52": 0.05454545454545454,
      "51": 0.05454545454545454,
      "38": 0.2909090909090909,
      "45": 0.4,
      "46": 0.01818181818181818
    },
    "49": {
      "49": 0.07058823529411765,
      "51": 0.06470588235294118,
      "58": 0.0058823529411764705,
      "59": 0.0058823529411764705,
      "37": 0.8529411764705882
    },
    "65": {
      "66": 0.13636363636363635,
      "63": 0.13636363636363635,
      "53": 0.7272727272727273
    },
    "66": {
      "65": 0.020689655172413793,
      "67": 0.006896551724137931,
      "64": 0.006896551724137931,
      "51": 0.020689655172413793,
      "68": 0.013793103448275862,
      "63": 0.020689655172413793,
      "54": 0.8896551724137931,
      "66": 0.013793103448275862,
      "55": 0.006896551724137931
    },
    "59": {
      "62": 0.015625,
      "57": 0.036458333333333336,
      "59": 0.005208333333333333,
      "64": 0.001736111111111111,
      "55": 0.013888888888888888,
      "63": 0.9010416666666666,
      "51": 0.001736111111111111,
      "61": 0.024305555555555556
    },
    "62": {
      "62": 0.26666666666666666,
      "64": 0.6,
      "59": 0.13333333333333333
    },
    "64": {
      "59": 0.03018867924528302,
      "66": 0.0037735849056603774,
      "62": 0.007547169811320755,
      "60": 0.39245283018867927,
      "69": 0.0830188679245283,
      "52": 0.4830188679245283
    },
    "57": {
      "59": 0.38028169014084506,
      "55": 0.07042253521126761,
      "57": 0.056338028169014086,
      "47": 0.04225352112676056,
      "69": 0.4225352112676056,
      "65": 0.014084507042253521,
      "36": 0.014084507042253521
    },
    "55": {
      "54": 0.38095238095238093,
      "57": 0.2222222222222222,
      "59": 0.015873015873015872,
      "67": 0.2222222222222222,
      "69": 0.031746031746031744,
      "55": 0.1111111111111111,
      "45": 0.015873015873015872
    },
    "52": {
      "54": 0.03015075376884422,
      "52": 0.03015075376884422,
      "44": 0.005025125628140704,
      "47": 0.1306532663316583,
      "40": 0.16080402010050251,
      "64": 0.5628140703517588,
      "66": 0.08040201005025126
    },
    "67": {
      "66": 0.058823529411764705,
      "55": 0.9411764705882353
    },
    "44": {
      "46": 0.5151515151515151,
      "42": 0.4696969696969697,
      "44": 0.015151515151515152
    },
    "46": {
      "51": 0.2714285714285714,
      "44": 0.45714285714285713,
      "54": 0.14285714285714285,
      "55": 0.014285714285714285,
      "47": 0.014285714285714285,
      "42": 0.04285714285714286,
      "46": 0.04285714285714286,
      "49": 0.014285714285714285
    },
    "42": {
      "46": 0.05128205128205128,
      "44": 0.7948717948717948,
      "42": 0.1282051282051282,
      "43": 0.02564102564102564
    },
    "47": {
      "45": 0.03783783783783784,
      "52": 0.016216216216216217,
      "55": 0.016216216216216217,
      "44": 0.005405405405405406,
      "40": 0.021621621621621623,
      "35": 0.7837837837837838,
      "50": 0.11351351351351352,
      "68": 0.005405405405405406
    },
    "45": {
      "47": 0.25,
      "46": 0.025,
      "52": 0.55,
      "45": 0.175
    },
    "43": {
      "45": 1.0
    },
    "40": {
      "43": 0.08333333333333333,
      "63": 0.027777777777777776,
      "52": 0.8333333333333334,
      "48": 0.027777777777777776,
      "50": 0.027777777777777776
    },
    "68": {
      "63": 0.3136729222520107,
      "61": 0.005361930294906166,
      "66": 0.010723860589812333,
      "64": 0.002680965147453083,
      "56": 0.6675603217158177
    },
    "60": {
      "64": 0.9903846153846154,
      "51": 0.009615384615384616
    },
    "69": {
      "64": 0.4074074074074074,
      "57": 0.5925925925925926
    },
    "39": {
      "51": 0.9357142857142857,
      "47": 0.05714285714285714,
      "49": 0.0035714285714285713,
      "48": 0.0035714285714285713
    },
    "35": {
      "47": 0.8689655172413793,
      "49": 0.12413793103448276,
      "51": 0.006896551724137931
    },
    "37": {
      "49": 0.8689655172413793,
      "51": 0.1103448275862069,
      "47": 0.020689655172413793
    },
    "48": {
      "36": 1.0
    },
    "36": {
      "48": 0.043076923076923075,
      "50": 0.009230769230769232,
      "36": 0.9476923076923077
    },
    "38": {
      "50": 0.875,
      "52": 0.125
    }
  },
  "files_used": [
    "touhoubad_apple.mid"
  ]
}